[{"model": "admin.logentry", "pk": 1, "fields": {"action_time": "2021-07-27T14:19:15.751", "user": 1, "content_type": 8, "object_id": "1", "object_repr": "admin", "action_flag": 2, "change_message": "[{\"changed\": {\"fields\": [\"First name\"]}}]"}}, {"model": "admin.logentry", "pk": 2, "fields": {"action_time": "2021-08-01T18:22:37.056", "user": 1, "content_type": 7, "object_id": "5", "object_repr": "Шкаф оригинальный - 5", "action_flag": 1, "change_message": "[{\"added\": {}}]"}}, {"model": "admin.logentry", "pk": 3, "fields": {"action_time": "2021-08-01T18:23:32.822", "user": 1, "content_type": 7, "object_id": "6", "object_repr": "Книжный стеллаж - 6", "action_flag": 1, "change_message": "[{\"added\": {}}]"}}, {"model": "admin.logentry", "pk": 4, "fields": {"action_time": "2021-08-01T18:24:36.638", "user": 1, "content_type": 7, "object_id": "7", "object_repr": "Деревянный шкаф - 7", "action_flag": 1, "change_message": "[{\"added\": {}}]"}}, {"model": "admin.logentry", "pk": 5, "fields": {"action_time": "2021-08-01T18:25:33.179", "user": 1, "content_type": 7, "object_id": "8", "object_repr": "Белый шкаф - 8", "action_flag": 1, "change_message": "[{\"added\": {}}]"}}, {"model": "admin.logentry", "pk": 6, "fields": {"action_time": "2021-08-01T18:38:28.266", "user": 1, "content_type": 7, "object_id": "5", "object_repr": "Шкаф оригинальный - 5", "action_flag": 2, "change_message": "[{\"changed\": {\"fields\": [\"Image\"]}}]"}}, {"model": "admin.logentry", "pk": 7, "fields": {"action_time": "2021-08-01T18:43:05.341", "user": 1, "content_type": 7, "object_id": "6", "object_repr": "Книжный стеллаж - 6", "action_flag": 2, "change_message": "[{\"changed\": {\"fields\": [\"Image\"]}}]"}}, {"model": "admin.logentry", "pk": 8, "fields": {"action_time": "2021-08-01T18:43:14.037", "user": 1, "content_type": 7, "object_id": "8", "object_repr": "Белый шкаф - 8", "action_flag": 2, "change_message": "[{\"changed\": {\"fields\": [\"Image\"]}}]"}}, {"model": "admin.logentry", "pk": 9, "fields": {"action_time": "2021-08-01T18:43:21.885", "user": 1, "content_type": 7, "object_id": "7", "object_repr": "Деревянный шкаф - 7", "action_flag": 2, "change_message": "[{\"changed\": {\"fields\": [\"Image\"]}}]"}}, {"model": "admin.logentry", "pk": 10, "fields": {"action_time": "2021-08-01T18:43:30.734", "user": 1, "content_type": 7, "object_id": "6", "object_repr": "Книжный стеллаж - 6", "action_flag": 2, "change_message": "[{\"changed\": {\"fields\": [\"Image\"]}}]"}}, {"model": "admin.logentry", "pk": 11, "fields": {"action_time": "2021-08-01T18:44:02.676", "user": 1, "content_type": 7, "object_id": "8", "object_repr": "Белый шкаф - 8", "action_flag": 2, "change_message": "[{\"changed\": {\"fields\": [\"Image\"]}}]"}}, {"model": "admin.logentry", "pk": 12, "fields": {"action_time": "2021-08-01T18:47:02.622", "user": 1, "content_type": 7, "object_id": "8", "object_repr": "Белый шкаф - 8", "action_flag": 2, "change_message": "[{\"changed\": {\"fields\": [\"Image\"]}}]"}}, {"model": "admin.logentry", "pk": 13, "fields": {"action_time": "2021-08-01T18:47:29.814", "user": 1, "content_type": 7, "object_id": "6", "object_repr": "Книжный стеллаж - 6", "action_flag": 2, "change_message": "[{\"changed\": {\"fields\": [\"Image\"]}}]"}}, {"model": "admin.logentry", "pk": 14, "fields": {"action_time": "2021-08-01T18:50:59.019", "user": 1, "content_type": 7, "object_id": "9", "object_repr": "Стул_2 - 9", "action_flag": 1, "change_message": "[{\"added\": {}}]"}}, {"model": "admin.logentry", "pk": 15, "fields": {"action_time": "2021-08-01T18:51:31.811", "user": 1, "content_type": 7, "object_id": "10", "object_repr": "Стул_3 - 10", "action_flag": 1, "change_message": "[{\"added\": {}}]"}}, {"model": "admin.logentry", "pk": 16, "fields": {"action_time": "2021-08-01T18:51:56.146", "user": 1, "content_type": 7, "object_id": "11", "object_repr": "Стул_4 - 11", "action_flag": 1, "change_message": "[{\"added\": {}}]"}}, {"model": "admin.logentry", "pk": 17, "fields": {"action_time": "2021-08-01T18:52:20.539", "user": 1, "content_type": 7, "object_id": "12", "object_repr": "Стул_5 - 12", "action_flag": 1, "change_message": "[{\"added\": {}}]"}}, {"model": "admin.logentry", "pk": 18, "fields": {"action_time": "2021-08-01T18:58:04.722", "user": 1, "content_type": 7, "object_id": "1", "object_repr": "Стул для офиса - 1", "action_flag": 2, "change_message": "[{\"changed\": {\"fields\": [\"Image\"]}}]"}}, {"model": "admin.logentry", "pk": 19, "fields": {"action_time": "2021-08-01T18:58:19.703", "user": 1, "content_type": 7, "object_id": "1", "object_repr": "Стул для офиса - 1", "action_flag": 2, "change_message": "[{\"changed\": {\"fields\": [\"Image\"]}}]"}}, {"model": "admin.logentry", "pk": 20, "fields": {"action_time": "2021-08-01T18:58:47.908", "user": 1, "content_type": 7, "object_id": "6", "object_repr": "Книжный стеллаж - 6", "action_flag": 2, "change_message": "[{\"changed\": {\"fields\": [\"Image\"]}}]"}}, {"model": "admin.logentry", "pk": 21, "fields": {"action_time": "2021-08-01T18:59:32.967", "user": 1, "content_type": 7, "object_id": "6", "object_repr": "Книжный стеллаж - 6", "action_flag": 2, "change_message": "[{\"changed\": {\"fields\": [\"Image\"]}}]"}}, {"model": "admin.logentry", "pk": 22, "fields": {"action_time": "2021-08-01T19:00:42.180", "user": 1, "content_type": 7, "object_id": "6", "object_repr": "Книжный стеллаж - 6", "action_flag": 2, "change_message": "[{\"changed\": {\"fields\": [\"Image\"]}}]"}}, {"model": "admin.logentry", "pk": 23, "fields": {"action_time": "2021-08-01T19:00:55.277", "user": 1, "content_type": 7, "object_id": "1", "object_repr": "Стул для офиса - 1", "action_flag": 2, "change_message": "[{\"changed\": {\"fields\": [\"Image\"]}}]"}}, {"model": "admin.logentry", "pk": 24, "fields": {"action_time": "2021-08-01T19:01:48.878", "user": 1, "content_type": 7, "object_id": "13", "object_repr": "Диван_1 - 13", "action_flag": 1, "change_message": "[{\"added\": {}}]"}}, {"model": "admin.logentry", "pk": 25, "fields": {"action_time": "2021-08-01T19:04:55.048", "user": 1, "content_type": 7, "object_id": "13", "object_repr": "Диван_1 - 13", "action_flag": 2, "change_message": "[{\"changed\": {\"fields\": [\"Image\"]}}]"}}, {"model": "admin.logentry", "pk": 26, "fields": {"action_time": "2021-08-01T19:05:27.588", "user": 1, "content_type": 7, "object_id": "14", "object_repr": "Диван_3 - 14", "action_flag": 1, "change_message": "[{\"added\": {}}]"}}, {"model": "admin.logentry", "pk": 27, "fields": {"action_time": "2021-08-01T19:05:53.269", "user": 1, "content_type": 7, "object_id": "15", "object_repr": "Диван_4 - 15", "action_flag": 1, "change_message": "[{\"added\": {}}]"}}, {"model": "admin.logentry", "pk": 28, "fields": {"action_time": "2021-08-01T19:06:16.421", "user": 1, "content_type": 7, "object_id": "16", "object_repr": "Диван_5 - 16", "action_flag": 1, "change_message": "[{\"added\": {}}]"}}, {"model": "admin.logentry", "pk": 29, "fields": {"action_time": "2021-08-01T19:06:45.574", "user": 1, "content_type": 6, "object_id": "4", "object_repr": "Столы", "action_flag": 3, "change_message": ""}}, {"model": "admin.logentry", "pk": 30, "fields": {"action_time": "2021-08-01T19:15:22.174", "user": 1, "content_type": 7, "object_id": "16", "object_repr": "Диван_5 - 16", "action_flag": 2, "change_message": "[{\"changed\": {\"fields\": [\"\\u041e\\u043f\\u0438\\u0441\\u0430\\u043d\\u0438\\u0435 \\u043f\\u0440\\u043e\\u0434\\u0443\\u043a\\u0442\\u0430\"]}}]"}}, {"model": "admin.logentry", "pk": 31, "fields": {"action_time": "2021-08-01T19:15:27.991", "user": 1, "content_type": 7, "object_id": "15", "object_repr": "Диван_4 - 15", "action_flag": 2, "change_message": "[{\"changed\": {\"fields\": [\"\\u041e\\u043f\\u0438\\u0441\\u0430\\u043d\\u0438\\u0435 \\u043f\\u0440\\u043e\\u0434\\u0443\\u043a\\u0442\\u0430\"]}}]"}}, {"model": "admin.logentry", "pk": 32, "fields": {"action_time": "2021-08-01T19:15:33.038", "user": 1, "content_type": 7, "object_id": "14", "object_repr": "Диван_3 - 14", "action_flag": 2, "change_message": "[{\"changed\": {\"fields\": [\"\\u041e\\u043f\\u0438\\u0441\\u0430\\u043d\\u0438\\u0435 \\u043f\\u0440\\u043e\\u0434\\u0443\\u043a\\u0442\\u0430\"]}}]"}}, {"model": "admin.logentry", "pk": 33, "fields": {"action_time": "2021-08-01T19:15:38.687", "user": 1, "content_type": 7, "object_id": "13", "object_repr": "Диван_1 - 13", "action_flag": 2, "change_message": "[{\"changed\": {\"fields\": [\"\\u041e\\u043f\\u0438\\u0441\\u0430\\u043d\\u0438\\u0435 \\u043f\\u0440\\u043e\\u0434\\u0443\\u043a\\u0442\\u0430\"]}}]"}}, {"model": "admin.logentry", "pk": 34, "fields": {"action_time": "2021-08-01T19:15:45.015", "user": 1, "content_type": 7, "object_id": "12", "object_repr": "Стул_5 - 12", "action_flag": 2, "change_message": "[{\"changed\": {\"fields\": [\"\\u041e\\u043f\\u0438\\u0441\\u0430\\u043d\\u0438\\u0435 \\u043f\\u0440\\u043e\\u0434\\u0443\\u043a\\u0442\\u0430\"]}}]"}}, {"model": "admin.logentry", "pk": 35, "fields": {"action_time": "2021-08-01T19:15:52.196", "user": 1, "content_type": 7, "object_id": "11", "object_repr": "Стул_4 - 11", "action_flag": 2, "change_message": "[{\"changed\": {\"fields\": [\"\\u041e\\u043f\\u0438\\u0441\\u0430\\u043d\\u0438\\u0435 \\u043f\\u0440\\u043e\\u0434\\u0443\\u043a\\u0442\\u0430\"]}}]"}}, {"model": "admin.logentry", "pk": 36, "fields": {"action_time": "2021-08-01T19:15:57.449", "user": 1, "content_type": 7, "object_id": "10", "object_repr": "Стул_3 - 10", "action_flag": 2, "change_message": "[{\"changed\": {\"fields\": [\"\\u041e\\u043f\\u0438\\u0441\\u0430\\u043d\\u0438\\u0435 \\u043f\\u0440\\u043e\\u0434\\u0443\\u043a\\u0442\\u0430\"]}}]"}}, {"model": "admin.logentry", "pk": 37, "fields": {"action_time": "2021-08-01T19:16:02.902", "user": 1, "content_type": 7, "object_id": "9", "object_repr": "Стул_2 - 9", "action_flag": 2, "change_message": "[{\"changed\": {\"fields\": [\"\\u041e\\u043f\\u0438\\u0441\\u0430\\u043d\\u0438\\u0435 \\u043f\\u0440\\u043e\\u0434\\u0443\\u043a\\u0442\\u0430\"]}}]"}}, {"model": "admin.logentry", "pk": 38, "fields": {"action_time": "2021-08-01T19:16:08.830", "user": 1, "content_type": 7, "object_id": "8", "object_repr": "Белый шкаф - 8", "action_flag": 2, "change_message": "[{\"changed\": {\"fields\": [\"\\u041e\\u043f\\u0438\\u0441\\u0430\\u043d\\u0438\\u0435 \\u043f\\u0440\\u043e\\u0434\\u0443\\u043a\\u0442\\u0430\"]}}]"}}, {"model": "admin.logentry", "pk": 39, "fields": {"action_time": "2021-08-01T19:16:14.383", "user": 1, "content_type": 7, "object_id": "7", "object_repr": "Деревянный шкаф - 7", "action_flag": 2, "change_message": "[{\"changed\": {\"fields\": [\"\\u041e\\u043f\\u0438\\u0441\\u0430\\u043d\\u0438\\u0435 \\u043f\\u0440\\u043e\\u0434\\u0443\\u043a\\u0442\\u0430\"]}}]"}}, {"model": "admin.logentry", "pk": 40, "fields": {"action_time": "2021-08-01T19:16:18.685", "user": 1, "content_type": 7, "object_id": "6", "object_repr": "Книжный стеллаж - 6", "action_flag": 2, "change_message": "[{\"changed\": {\"fields\": [\"\\u041e\\u043f\\u0438\\u0441\\u0430\\u043d\\u0438\\u0435 \\u043f\\u0440\\u043e\\u0434\\u0443\\u043a\\u0442\\u0430\"]}}]"}}, {"model": "admin.logentry", "pk": 41, "fields": {"action_time": "2021-08-01T19:16:23.965", "user": 1, "content_type": 7, "object_id": "5", "object_repr": "Шкаф оригинальный - 5", "action_flag": 2, "change_message": "[{\"changed\": {\"fields\": [\"\\u041e\\u043f\\u0438\\u0441\\u0430\\u043d\\u0438\\u0435 \\u043f\\u0440\\u043e\\u0434\\u0443\\u043a\\u0442\\u0430\"]}}]"}}, {"model": "admin.logentry", "pk": 42, "fields": {"action_time": "2021-08-01T19:16:29.031", "user": 1, "content_type": 7, "object_id": "3", "object_repr": "Книжный шкаф - 3", "action_flag": 2, "change_message": "[{\"changed\": {\"fields\": [\"\\u041e\\u043f\\u0438\\u0441\\u0430\\u043d\\u0438\\u0435 \\u043f\\u0440\\u043e\\u0434\\u0443\\u043a\\u0442\\u0430\"]}}]"}}, {"model": "admin.logentry", "pk": 43, "fields": {"action_time": "2021-08-01T19:16:33.854", "user": 1, "content_type": 7, "object_id": "5", "object_repr": "Шкаф оригинальный - 5", "action_flag": 2, "change_message": "[]"}}, {"model": "admin.logentry", "pk": 44, "fields": {"action_time": "2021-08-01T19:16:39.247", "user": 1, "content_type": 7, "object_id": "2", "object_repr": "Черный диван - 2", "action_flag": 2, "change_message": "[{\"changed\": {\"fields\": [\"\\u041e\\u043f\\u0438\\u0441\\u0430\\u043d\\u0438\\u0435 \\u043f\\u0440\\u043e\\u0434\\u0443\\u043a\\u0442\\u0430\"]}}]"}}, {"model": "admin.logentry", "pk": 45, "fields": {"action_time": "2021-08-01T19:16:44.397", "user": 1, "content_type": 7, "object_id": "1", "object_repr": "Стул для офиса - 1", "action_flag": 2, "change_message": "[{\"changed\": {\"fields\": [\"\\u041e\\u043f\\u0438\\u0441\\u0430\\u043d\\u0438\\u0435 \\u043f\\u0440\\u043e\\u0434\\u0443\\u043a\\u0442\\u0430\"]}}]"}}, {"model": "admin.logentry", "pk": 46, "fields": {"action_time": "2021-08-19T12:27:17.433", "user": 1, "content_type": 8, "object_id": "9", "object_repr": "id669910806", "action_flag": 3, "change_message": ""}}, {"model": "admin.logentry", "pk": 47, "fields": {"action_time": "2021-08-20T18:03:49.586", "user": 1, "content_type": 16, "object_id": "5", "object_repr": "Текущий заказ: 5", "action_flag": 3, "change_message": ""}}, {"model": "admin.logentry", "pk": 48, "fields": {"action_time": "2021-08-20T18:03:49.615", "user": 1, "content_type": 16, "object_id": "4", "object_repr": "Текущий заказ: 4", "action_flag": 3, "change_message": ""}}, {"model": "admin.logentry", "pk": 49, "fields": {"action_time": "2021-08-20T18:03:49.641", "user": 1, "content_type": 16, "object_id": "3", "object_repr": "Текущий заказ: 3", "action_flag": 3, "change_message": ""}}, {"model": "admin.logentry", "pk": 50, "fields": {"action_time": "2021-08-20T18:03:49.666", "user": 1, "content_type": 16, "object_id": "2", "object_repr": "Текущий заказ: 2", "action_flag": 3, "change_message": ""}}, {"model": "admin.logentry", "pk": 51, "fields": {"action_time": "2021-08-20T18:03:49.691", "user": 1, "content_type": 16, "object_id": "1", "object_repr": "Текущий заказ: 1", "action_flag": 3, "change_message": ""}}, {"model": "admin.logentry", "pk": 52, "fields": {"action_time": "2021-08-20T18:11:10.243", "user": 1, "content_type": 16, "object_id": "7", "object_repr": "Текущий заказ: 7", "action_flag": 3, "change_message": ""}}, {"model": "admin.logentry", "pk": 53, "fields": {"action_time": "2021-08-20T18:11:10.274", "user": 1, "content_type": 16, "object_id": "6", "object_repr": "Текущий заказ: 6", "action_flag": 3, "change_message": ""}}, {"model": "sessions.session", "pk": "c4h2ophp0qz85vcoy3dtjelhabxuf1a9", "fields": {"session_data": "e30:1m8HLP:hH-_84sb9S0OCre--cTcU7VnMtJeRZupfpA-5XTaNho", "expire_date": "2021-08-10T14:17:39.814"}}, {"model": "sessions.session", "pk": "gxzyqplxsg353crvxzw0bwltudr9oz39", "fields": {"session_data": ".eJxVjEEOwiAQAP_C2ZCVAls8eu8bmgUWqRpISnsy_l1JetDrzGReYqZ9y_PeeJ2XKC4CxemXeQoPLl3EO5VblaGWbV287Ik8bJNTjfy8Hu3fIFPLfeswqeh1VOMAzBBG0jqAUqDA4RDYGURNDBatRfL6C88UExtyxqQk3h_QLjeF:1mFtVv:2PQDxMvcqd8todY08CsaBWhnVHAsv_CoQJO80C1orWQ", "expire_date": "2021-08-31T14:27:59.296"}}, {"model": "sessions.session", "pk": "wmqe3tlaspql8we0z7viktyss4dkpbs1", "fields": {"session_data": ".eJxVjDsOwjAQBe_iGln-rD9LSZ8zRLv2QgIokeKkQtwdIqWA9s3Me6metnXotyZLP1Z1Vladfjem8pBpB_VO023WZZ7WZWS9K_qgTXdzleflcP8OBmrDt0brY4KKwTh0XgJfxXtMSGRcclRiNrlYZkYAJ4SEAslIsBA5ZMjq_QG79jbw:1m91mt:HNjnZreKwPK2h4Xf1fLnziMDV8e43EccoOZPKuHU5Hc", "expire_date": "2021-08-12T15:53:07.684"}}, {"model": "sessions.session", "pk": "xvo13fplhhk5f06kkrv5vjtk7ge5o5gq", "fields": {"session_data": ".eJxVjDsOwjAQBe_iGln-rD9LSZ8zRLv2QgIokeKkQtwdIqWA9s3Me6metnXotyZLP1Z1Vladfjem8pBpB_VO023WZZ7WZWS9K_qgTXdzleflcP8OBmrDt0brY4KKwTh0XgJfxXtMSGRcclRiNrlYZkYAJ4SEAslIsBA5ZMjq_QG79jbw:1mA6xQ:TgHvHvCi1K9-nHpUu80PAk9brHvn_-LbMfOAeHJirt8", "expire_date": "2021-08-15T15:36:28.589"}}, {"model": "sessions.session", "pk": "y96i1a8v2e10hnvtn604j69nut5dgm3c", "fields": {"session_data": ".eJxVjDsOwjAQBe_iGln-rD9LSZ8zRLv2QgIokeKkQtwdIqWA9s3Me6metnXotyZLP1Z1Vladfjem8pBpB_VO023WZZ7WZWS9K_qgTXdzleflcP8OBmrDt0brY4KKwTh0XgJfxXtMSGRcclRiNrlYZkYAJ4SEAslIsBA5ZMjq_QG79jbw:1mH3BT:CVlMHlDQpXFFUVOegpNbhVGaMaYFv88YDu1KYurJYRw", "expire_date": "2021-09-03T18:59:39.449"}}, {"model": "sessions.session", "pk": "y9vjena1vbohr58mjgtml8bjr2shgh72", "fields": {"session_data": ".eJxVjDsOwjAQBe_iGln-rD9LSZ8zRLv2QgIokeKkQtwdIqWA9s3Me6metnXotyZLP1Z1Vladfjem8pBpB_VO023WZZ7WZWS9K_qgTXdzleflcP8OBmrDt0brY4KKwTh0XgJfxXtMSGRcclRiNrlYZkYAJ4SEAslIsBA5ZMjq_QG79jbw:1mN9ns:jqKQ4R36-iJenYWFFXJ2C37AzoJJPaYwLsQp8iO1nAk", "expire_date": "2021-09-20T15:16:32.404"}}, {"model": "mainapp.productcategory", "pk": 1, "fields": {"name": "Стулья", "description": "", "is_active": true, "created_at": "2021-07-27T12:59:26.839", "updated_at": "2021-07-27T12:59:26.839"}}, {"model": "mainapp.productcategory", "pk": 2, "fields": {"name": "Диваны", "description": "", "is_active": true, "created_at": "2021-07-27T12:59:26.880", "updated_at": "2021-07-27T12:59:26.880"}}, {"model": "mainapp.productcategory", "pk": 3, "fields": {"name": "Шкафы", "description": "описание шкафов", "is_active": true, "created_at": "2021-07-27T12:59:26.918", "updated_at": "2021-09-10T21:27:19.949"}}, {"model": "mainapp.productcategory", "pk": 4, "fields": {"name": "новая категория", "description": "", "is_active": false, "created_at": "2021-08-08T15:33:18.949", "updated_at": "2021-08-10T16:46:43.371"}}, {"model": "mainapp.productcategory", "pk": 5, "fields": {"name": "тест", "description": "тест", "is_active": false, "created_at": "2021-08-08T15:34:44.823", "updated_at": "2021-08-10T16:46:46.507"}}, {"model": "mainapp.product", "pk": 1, "fields": {"category": 1, "name": "Стул для офиса", "short_description": "Белый офисный стул", "image": "product_img/chair_1.jpg", "description": "Некоторое описание нашего классного товара", "price": "2000.00", "quantity": 5, "is_active": true}}, {"model": "mainapp.product", "pk": 2, "fields": {"category": 2, "name": "Черный диван", "short_description": "Удобный большой диван", "image": "product_img/sofa_1.jpg", "description": "Некоторое описание нашего классного товара", "price": "14000.00", "quantity": 3, "is_active": true}}, {"model": "mainapp.product", "pk": 3, "fields": {"category": 3, "name": "Книжный шкаф", "short_description": "Вместительный, деревянный шкаф для книг", "image": "product_img/cupboard_1.jpg", "description": "Некоторое описание нашего классного товара", "price": "22950.00", "quantity": 4, "is_active": true}}, {"model": "mainapp.product", "pk": 5, "fields": {"category": 3, "name": "Шкаф оригинальный", "short_description": "Фиолетовый шкаф, уникальный дизайн", "image": "product_img/cupboard_2.jpg", "description": "Некоторое описание нашего классного товара", "price": "45000.00", "quantity": 5, "is_active": true}}, {"model": "mainapp.product", "pk": 6, "fields": {"category": 3, "name": "Книжный стеллаж", "short_description": "Шкаф для хранения книг", "image": "product_img/cupboard_3.jpg", "description": "Некоторое описание нашего классного товара", "price": "22500.00", "quantity": 8, "is_active": true}}, {"model": "mainapp.product", "pk": 7, "fields": {"category": 3, "name": "Деревянный шкаф", "short_description": "Простой деревянный шкаф", "image": "product_img/cupboard_4.png", "description": "Некоторое описание нашего классного товара", "price": "27000.00", "quantity": 30, "is_active": true}}, {"model": "mainapp.product", "pk": 8, "fields": {"category": 3, "name": "Белый шкаф", "short_description": "Простой белый шкаф", "image": "product_img/cupboard_5.jpg", "description": "Некоторое описание нашего классного товара", "price": "16200.00", "quantity": 43, "is_active": true}}, {"model": "mainapp.product", "pk": 9, "fields": {"category": 1, "name": "Стул_2", "short_description": "Стул_2", "image": "product_img/chair_2.jpg", "description": "Некоторое описание нашего классного товара", "price": "5000.00", "quantity": 10, "is_active": true}}, {"model": "mainapp.product", "pk": 10, "fields": {"category": 1, "name": "Стул_3", "short_description": "Стул_3", "image": "product_img/chair_3.jpg", "description": "Некоторое описание нашего классного товара", "price": "3700.00", "quantity": 45, "is_active": true}}, {"model": "mainapp.product", "pk": 11, "fields": {"category": 1, "name": "Стул_4", "short_description": "Стул_4", "image": "product_img/chair_4.jpg", "description": "Некоторое описание нашего классного товара", "price": "2300.00", "quantity": 12, "is_active": true}}, {"model": "mainapp.product", "pk": 12, "fields": {"category": 1, "name": "Стул_5", "short_description": "Стул_5", "image": "product_img/chair_5.jpg", "description": "Некоторое описание нашего классного товара", "price": "3400.00", "quantity": 10, "is_active": true}}, {"model": "mainapp.product", "pk": 13, "fields": {"category": 2, "name": "Диван_1", "short_description": "Диван_1", "image": "product_img/sofa_2.jpg", "description": "Некоторое описание нашего классного товара", "price": "24000.00", "quantity": 3, "is_active": true}}, {"model": "mainapp.product", "pk": 14, "fields": {"category": 2, "name": "Диван_3", "short_description": "Диван_3", "image": "product_img/sofa_3.jpg", "description": "Некоторое описание нашего классного товара", "price": "15000.00", "quantity": 17, "is_active": true}}, {"model": "mainapp.product", "pk": 15, "fields": {"category": 2, "name": "Диван_4", "short_description": "Диван_4", "image": "product_img/sofa_4.jpg", "description": "Некоторое описание нашего классного товара", "price": "120000.00", "quantity": 3, "is_active": true}}, {"model": "mainapp.product", "pk": 16, "fields": {"category": 2, "name": "Диван_5", "short_description": "Диван_5", "image": "product_img/sofa_5.jpg", "description": "Некоторое описание нашего классного товара", "price": "45000.00", "quantity": 21, "is_active": true}}, {"model": "mainapp.product", "pk": 17, "fields": {"category": 3, "name": "Проверка", "short_description": "какой то шкаф", "image": "", "description": "", "price": "45000.00", "quantity": 5, "is_active": true}}, {"model": "authapp.shopuser", "pk": 1, "fields": {"password": "pbkdf2_sha256$260000$eCvHcaaaWk7oETDMFQxXY5$uvjZobpJ4eWvIJH5wJgXNQV2QUC9DRh8lyfH9a5BJDM=", "last_login": "2021-09-06T15:16:32.169", "is_superuser": true, "username": "admin", "first_name": "Екатерина", "last_name": "", "email": "mail@mail.ru", "is_staff": true, "is_active": true, "date_joined": "2021-07-27T12:59:27", "avatar": "users_avatars/devushka_blondinka_kapyushon_25929.jpg", "age": 33, "activation_key": "", "activation_key_expires": "2021-08-19T12:42:21.521", "groups": [], "user_permissions": []}}, {"model": "authapp.shopuser", "pk": 2, "fields": {"password": "pbkdf2_sha256$260000$6LiN3SHNbYd4neXpkL2FUM$zZaHnHQIUokrXd7xDUEDkXvsANL71YVKNvXFb9p/5C8=", "last_login": null, "is_superuser": false, "username": "Stive", "first_name": "Stive", "last_name": "", "email": "kate@mail.ru", "is_staff": false, "is_active": true, "date_joined": "2021-07-27T15:49:37.236", "avatar": "users_avatars/kapyushon_12021.jpg", "age": 24, "activation_key": "", "activation_key_expires": "2021-08-19T12:42:21.521", "groups": [], "user_permissions": []}}, {"model": "authapp.shopuser", "pk": 3, "fields": {"password": "pbkdf2_sha256$260000$Z1kGa9axlcD4Zv8GzIiCr3$WPQ+9N2xFEXohMpOwLMBPMTDbw4GdaL/Sho5YPT8CSA=", "last_login": "2021-08-10T18:10:45.730", "is_superuser": false, "username": "sam", "first_name": "sam", "last_name": "", "email": "sam@mail.com", "is_staff": true, "is_active": true, "date_joined": "2021-08-05T13:14:57", "avatar": "", "age": 22, "activation_key": "", "activation_key_expires": "2021-08-19T12:42:21.521", "groups": [], "user_permissions": []}}, {"model": "authapp.shopuser", "pk": 4, "fields": {"password": "pbkdf2_sha256$260000$qMpGLZ7kOgc1mSrVR3tRIu$de67RFfJWgPSBdgdOPoQQ2aX9CDqj3tZN1STkFSBoLo=", "last_login": "2021-08-17T13:29:17.317", "is_superuser": false, "username": "test_user", "first_name": "test", "last_name": "", "email": "123@mail.ru", "is_staff": false, "is_active": false, "date_joined": "2021-08-17T13:27:19.780", "avatar": "", "age": 33, "activation_key": "197f17cd5ee230ed6a1a40306de5cdd034914006", "activation_key_expires": "2021-08-19T13:18:55.366", "groups": [], "user_permissions": []}}, {"model": "authapp.shopuser", "pk": 5, "fields": {"password": "pbkdf2_sha256$260000$nmxySKDZbdfLGSApOvrPFO$1C0R9JdFBciuyAeRTwCmIFREhZtvgMVg0JeezyTOTjk=", "last_login": "2021-08-17T13:31:50.058", "is_superuser": false, "username": "test_mail", "first_name": "test", "last_name": "", "email": "111@111.ru", "is_staff": false, "is_active": false, "date_joined": "2021-08-17T13:31:19.340", "avatar": "", "age": 33, "activation_key": "99b3f3f38166e26b03c52d6ba36ee6ec2ed07722", "activation_key_expires": "2021-08-19T13:30:08.789", "groups": [], "user_permissions": []}}, {"model": "authapp.shopuser", "pk": 6, "fields": {"password": "pbkdf2_sha256$260000$qhbFurbHvgpVitOvKlCdqZ$QVhrDWMK0hyt0FJnhwaSaDqibLjl/nFMUSuOVCfLwhc=", "last_login": null, "is_superuser": false, "username": "tes", "first_name": "tes", "last_name": "", "email": "111@222.ru", "is_staff": false, "is_active": false, "date_joined": "2021-08-17T13:42:13.938", "avatar": "", "age": 44, "activation_key": "098886ea98e9e484c9bdb3eb509abda5871db02c", "activation_key_expires": "2021-08-19T13:41:24.467", "groups": [], "user_permissions": []}}, {"model": "authapp.shopuser", "pk": 7, "fields": {"password": "pbkdf2_sha256$260000$Fir8WRPWRvl1h6yGCHY88N$KUWfSc+yWR8/HUPX9VIARoWDDuJhfxPCkyH/uNRaRSA=", "last_login": "2021-08-17T14:27:59.280", "is_superuser": false, "username": "test_3", "first_name": "test", "last_name": "", "email": "111@333.ru", "is_staff": false, "is_active": true, "date_joined": "2021-08-17T14:01:46.902", "avatar": "", "age": 44, "activation_key": "b43d18594b57727a247d33e1a43caa06c77e16d4", "activation_key_expires": "2021-08-19T14:01:00.707", "groups": [], "user_permissions": []}}, {"model": "authapp.shopuser", "pk": 10, "fields": {"password": "!ZUwnhkEHJiV5GuvfgXWxhbJHH53dvn8Oj7JotWgx", "last_login": "2021-08-19T12:41:10.970", "is_superuser": false, "username": "id669910806", "first_name": "Екатерина", "last_name": "Мурий", "email": "murij.kat@yandex.ru", "is_staff": false, "is_active": true, "date_joined": "2021-08-19T12:27:41.018", "avatar": "", "age": 33, "activation_key": "", "activation_key_expires": "2021-08-21T12:27:29.634", "groups": [], "user_permissions": []}}, {"model": "authapp.shopuserprofile", "pk": 1, "fields": {"user": 1, "tagline": "", "about_me": "", "gender": ""}}, {"model": "authapp.shopuserprofile", "pk": 2, "fields": {"user": 2, "tagline": "", "about_me": "", "gender": ""}}, {"model": "authapp.shopuserprofile", "pk": 3, "fields": {"user": 3, "tagline": "", "about_me": "", "gender": ""}}, {"model": "authapp.shopuserprofile", "pk": 4, "fields": {"user": 4, "tagline": "", "about_me": "", "gender": ""}}, {"model": "authapp.shopuserprofile", "pk": 5, "fields": {"user": 5, "tagline": "", "about_me": "", "gender": ""}}, {"model": "authapp.shopuserprofile", "pk": 6, "fields": {"user": 6, "tagline": "", "about_me": "", "gender": ""}}, {"model": "authapp.shopuserprofile", "pk": 7, "fields": {"user": 7, "tagline": "", "about_me": "", "gender": ""}}, {"model": "authapp.shopuserprofile", "pk": 10, "fields": {"user": 10, "tagline": "", "about_me": "Привет", "gender": "W"}}, {"model": "basketapp.basket", "pk": 21, "fields": {"user": 1, "product": 8, "quantity": 2, "add_time": "2021-09-06T14:09:03.785"}}, {"model": "basketapp.basket", "pk": 22, "fields": {"user": 1, "product": 2, "quantity": 2, "add_time": "2021-09-06T15:10:55.871"}}, {"model": "ordersapp.order", "pk": 8, "fields": {"user": 1, "created": "2021-08-20T18:11:30.131", "updated": "2021-08-31T14:35:46.363", "status": "FM", "is_active": false}}, {"model": "ordersapp.order", "pk": 9, "fields": {"user": 1, "created": "2021-08-30T11:45:24.171", "updated": "2021-08-31T15:14:03.576", "status": "FM", "is_active": true}}, {"model": "ordersapp.order", "pk": 10, "fields": {"user": 1, "created": "2021-08-31T15:03:43.880", "updated": "2021-08-31T15:17:35.914", "status": "FM", "is_active": true}}, {"model": "ordersapp.orderitem", "pk": 6, "fields": {"order": 9, "product": 14, "quantity": 2}}, {"model": "ordersapp.orderitem", "pk": 7, "fields": {"order": 10, "product": 16, "quantity": 2}}, {"model": "ordersapp.orderitem", "pk": 8, "fields": {"order": 10, "product": 14, "quantity": 1}}, {"model": "ordersapp.orderitem", "pk": 9, "fields": {"order": 9, "product": 14, "quantity": 1}}, {"model": "ordersapp.orderitem", "pk": 10, "fields": {"order": 9, "product": 6, "quantity": 2}}, {"model": "social_django.usersocialauth", "pk": 3, "fields": {"user": 10, "provider": "vk-oauth2", "uid": "669910806", "extra_data": "{\"auth_time\": 1629351670, \"id\": 669910806, \"expires\": 86400, \"access_token\": \"17045f9ed901ef0f779440c0bc0ed3c789123f8f976c9ced21d1ae30fbfe28b93a72bbadd3b43a893cfbb\", \"token_type\": null}", "created": "2021-08-19T12:32:18.800", "modified": "2021-08-19T12:41:10.865"}}]